{
  "feature_order": [
    "v_mean",
    "v_std",
    "a_mean",
    "a_std",
    "pos_var",
    "vel_var",
    "abs_v_current",
    "dt_mean"
  ],
  "means": [
    -0.07495307016581622,
    13.904583254985848,
    2.9118330125833625,
    308.0805851468779,
    833.6430065288645,
    557.6595154729995,
    11.10623449946263,
    0.02248794171580453
  ],
  "stds": [
    8.814535495585488,
    19.08722295092103,
    354.8252787296693,
    872.5352916008849,
    2278.624421198888,
    9490.455699149761,
    16.700535614254367,
    0.011138728149531228
  ],
  "weights": [
    -0.0008415040779725048,
    -0.1362961713903565,
    -0.13065569208709585,
    -0.006848378907897732,
    0.00876064203004973,
    0.1813497578150547,
    0.0027168867631396703,
    0.07063023567969864
  ],
  "bias": 0.3657211184141261,
  "alpha_min": 0.05,
  "alpha_max": 0.85
}